,Field,Type,Nullable
0,cicid,double,True
1,i94yr,double,True
2,i94mon,double,True
3,i94cit,double,True
4,i94res,double,True
5,i94port,string,True
6,arrdate,double,True
7,i94mode,double,True
8,i94addr,string,True
9,depdate,double,True
10,i94bir,double,True
11,i94visa,double,True
12,count,double,True
13,dtadfile,string,True
14,visapost,string,True
15,occup,string,True
16,entdepa,string,True
17,entdepd,string,True
18,entdepu,string,True
19,matflag,string,True
20,biryear,double,True
21,dtaddto,string,True
22,gender,string,True
23,insnum,string,True
24,airline,string,True
25,admnum,double,True
26,fltno,string,True
27,visatype,string,True
