,0
ALC,AK
ANC,AK
BAR,AK
DAC,AK
PIZ,AK
DTH,AK
EGL,AK
FRB,AK
HOM,AK
HYD,AK
JUN,AK
5KE,AK
KET,AK
MOS,AK
NIK,AK
NOM,AK
PKC,AK
ORI,AK
SKA,AK
SNP,AK
TKI,AK
WRA,AK
HSV,AL
MOB,AL
LIA,AR
ROG,AR
DOU,AZ
LUK,AZ
NAC,AZ
NOG,AZ
PHO,AZ
POR,AZ
SLU,AZ
SAS,AZ
TUC,AZ
YUI,AZ
AND,CA
BUR,CA
CAL,CA
CAO,CA
FRE,CA
ICP,CA
LNB,CA
LOS,CA
BFL,CA
OAK,CA
ONT,CA
OTM,CA
BLT,HWY.
PSP,CA
SAC,CA
SLS,CA
SDP,CA
SFR,CA
SNJ,CA
SLO,CA
SLI,CA
SPC,CA
SYS,CA
SAA,CA
STO,CA
TEC,CA
TRV,CA
APA,CO
ASE,CO
COS,CO
DEN,CO
DRO,CO
BDL,CT
BGC,CT
GRT,CT
HAR,CT
NWH,CT
NWL,CT
TST,CT
DOV,DE
DVD,DE
WLL,DE
BOC,FL
SRQ,FL
CAN,FL
DAB,FL
FRN,FL
FTL,FL
FMY,FL
FPF,FL
HUR,FL
GNV,FL
JAC,FL
KEY,FL
LEE,FL
MLB,FL
MIA,FL
APF,FL
OPF,FL
ORL,FL
PAN,FL
PEN,FL
PCF,FL
PEV,FL
PSJ,FL
SFB,FL
SGJ,FL
SAU,FL
FPR,FL
SPE,FL
TAM,FL
WPB,FL
ATL,GA
BRU,GA
AGS,GA
SAV,GA
AGA,GU
HHW,HI
OGG,HI
KOA,HI
LIH,HI
CID,IA
DSM,IA
BOI,ID
EPI,ID
IDA,ID
PTL,ID
SPI,IL
CHI,IL
DPA,IL
PIA,IL
RFD,IL
UGN,IL
GAR,IN
HMM,IN
INP,IN
MRL,IN
SBN,IN
ICT,KS
LEX,KY
LOU,KY
BTN,LA
LKC,LA
LAK,LA
MLU,LA
MGC,LA
NOL,LA
BOS,MA
GLO,MA
BED,MA
LYN,WA
ADW,MD
BAL,MD
MKG,MD
PAX,MD
BGM,ME
BOO,ME
BWM,ME
BCK,ME
CLS,ME
CRB,ME
COB,ME
EST,ME
EPT,ME
EPM,ME
FOR,ME
FTF,ME
FTK,ME
HML,ME
HTM,ME
JKM,ME
KAL,MT
LIM,ME
LUB,ME
MAD,ME
POM,ME
RGM,ME
SBR,ME
SRL,ME
SPA,ME
VNB,ME
VCB,ME
AGN,MI
ALP,MI
BCY,MI
DET,MI
GRP,MI
GRO,MI
ISL,MI
MRC,MI
MRY,MI
PTK,MI
PHU,MI
RBT,MI
SAG,MI
SSM,MI
SCL,MI
YIP,MI
BAU,MN
CAR,MN
GTF,MN
INL,MN
CRA,MN
MIC,MN
DUL,MN
ELY,MN
GPM,MN
SVC,MN
INT,MN
LAN,MN
MSP,MN
LIN,MN
NOY,MN
PIN,MN
48Y,MN
RAN,MN
RST,MN
ROS,MN
SPM,MN
WSB,SPB
WAR,MN
KAN,MO
SGF,MO
STL,MO
WHI,MT
WHM,MT
GPT,MS
GTR,MS
GUL,MS
PAS,MS
JAN,MS
BIL,MT
BTM,MT
CHF,MT
CTB,MT
CUT,MT
DLB,MT
EUR,MT
BZN,MT
FCA,MT
GGW,MT
GRE,MT
HVR,MT
HEL,MT
LWT,MT
MGM,MT
OPH,MT
PIE,MT
RAY,MT
ROO,MT
SCO,MT
SWE,MT
TRL,MT
TUR,MT
WCM,MT
CLT,NC
FAY,NC
MRH,NC
FOP,NC
GSO,NC
RDU,NC
SSC,NC
WIL,NC
AMB,ND
ANT,ND
CRY,ND
DNS,ND
FAR,ND
FRT,ND
GRF,ND
HNN,ND
HNS,ND
MAI,ND
MND,ND
NEC,ND
NOO,ND
NRG,ND
PEM,ND
SAR,ND
SHR,ND
SJO,ND
WAL,ND
WHO,ND
WND,ND
OMA,NE
LEB,NH
MHT,NH
PNH,NH
PSM,NH
BYO,NJ
CNJ,NJ
HOB,NJ
JER,NJ
WRI,NJ
MMU,NJ
NEW,NJ
PER,NJ
ACY,NJ
ALA,NM
ABQ,NM
ANP,NM
CRL,NM
COL,NM
CDD,NM
DNM,NM
LAS,NM
LOB,NM
RUI,NM
STR,NM
RNO,NV
FLX,NV
LVG,NV
REN,NV
ALB,NY
AXB,NY
BUF,NY
CNH,NY
CAP,NY
CHM,NY
CHT,NY
CLA,NY
FTC,NY
LAG,NY
LEW,NY
MAS,NY
MAG,NY
MOO,NY
MRR,NY
NYC,NY
NIA,NY
OGD,NY
OSW,NY
ELM,NY
ROC,NY
ROU,NY
SWF,NY
SYR,NY
THO,NY
TRO,NY
WAT,NY
HPN,NY
WRB,NY
YOU,NY
AKR,OH
ATB,OH
CIN,OH
CLE,OH
CLM,OH
LOR,OH
MBO,OH
SDY,OH
TOL,OH
OKC,OK
TUL,OK
AST,OR
COO,OR
HIO,OR
MED,OR
NPT,OR
POO,OR
PUT,OH
RDM,OR
ERI,PA
MDT,PA
HSB,PA
PHI,PA
PIT,PA
AGU,PR
BQN,PR
JCP,PR
ENS,PR
FAJ,PR
HUM,PR
JOB,PR
MAY,PR
PON,PR
PSE,PR
SAJ,PR
VQS,PR
PRO,RI
PVD,RI
CHL,SC
CAE,SC
GEO,SC
GSP,SC
GRR,SC
MYR,SC
SPF,SD
HON,SD
SAI,SPN
TYS,TN
MEM,TN
NSV,TN
TRI,TN
ADS,TX
ADT,TX
ANZ,TX
AUS,TX
BEA,TX
BBP,TX
SCC,TX
BTC,TX
BOA,TX
BRO,TX
CRP,TX
DAL,TX
DLR,TX
DNA,TX
EGP,TX
ELP,TX
FAB,TX
FAL,TX
FTH,TX
AFW,TX
FPT,TX
GAL,TX
HLG,TX
HID,TX
HOU,TX
SGR,TX
LLB,TX
LCB,TX
LRN,TX
LAR,TX
LSE,TX
IND,TX
LOI,TX
MRS,TX
MCA,TX
MAF,TX
PDN,TX
PBB,NY
PHR,TX
PAR,TX
ISB,TX
POE,TX
PRE,TX
PGR,TX
RIO,TX
ROM,TX
SNA,TX
SNN,TX
VIB,TX
YSL,TX
CHA,VI
CHR,VI
CRU,ST
FRK,VI
STT,VI
LGU,UT
SLC,UT
CHO,VA
DAA,VA
HOP,VA
HEF,VA
NWN,VA
NOR,VA
RCM,VA
ABS,VT
ABG,VT
BEB,VT
BEE,VT
BRG,VT
CNA,VT
DER,VT
DLV,VT
ERC,VT
HIG,VT
MOR,VT
NPV,VT
NRT,VT
NRN,VT
PIV,VT
RIF,VT
STA,VT
SWB,VT
WBE,VT
ABE,WA
ANA,WA
BEL,WA
BLI,WA
BLA,WA
BWA,WA
CUR,WA
DVL,WA
EVE,WA
FER,WA
FRI,WA
FWA,WA
KLM,WA
LAU,WA
LON,WA
MET,WA
MWH,WA
NEA,WA
NIG,WA
OLY,WA
ORO,WA
PWB,WA
PIR,WA
PNG,WA
PTO,WA
SEA,WA
SPO,WA
SUM,WA
TAC,WA
PSC,WA
VAN,WA
AGM,WI
BAY,WI
GRB,WI
MNW,WI
MIL,WI
MSN,WI
CHS,WV
CLK,WV
BLF,WV
CSP,WY
CLG,CANADA
EDA,CANADA
YHC,CANADA
HAL,NS
MON,CANADA
OTT,CANADA
YXE,CANADA
TOR,CANADA
VCV,CANADA
VIC,CANADA
WIN,CANADA
AMS,NETHERLANDS
ARB,NETH
BAN,THAILAND
BEI,ETHIOPIA
PEK,PRC
BDA,BERMUDA
BOG,EL
EZE,MINISTRO
CUN,MEXICO
CRQ,BA
MVD,URUGUAY
DUB,IRELAND
FOU,GABON
FBA,BAHAMAS
MTY,Monterrey
HMO,MX
GCM,CAYMAN
GDL,MIGUEL
HAM,BERMUDA
ICN,SEOUL
IWA,JAPAN
CND,ROMANIA
LAH,INDONESIA
DUR,SOUTH
MAL,INDONESIA
MDE,COLOMBIA
MEX,MEXICO
LHR,ENGLAND
NBO,KENYA
NAS,BAHAMAS
NCA,TURK
PTY,PANAMA
SPV,NEW
UIO,ECUADOR
RIT,ITALY
SNO,THAILAND
SLP,MEXICO
SAN,EL
SRO,COLOMBIA
GRU,SAO
SHA,IRELAND
HIL,ETHIOPIA
TOK,PAPUA
VER,MEXICO
LGW,ENGLAND
CNC,NY
AG0,AR
BHM,ME
BHX,AL
CAK,OH
FOK,NY
LND,WY
MAR,TX
MLI,IL
RIV,CA
RME,NY
VNY,CA
YUM,AZ
